Workbook

Sheet Instructions
A1: Perform the following in the dataset from the 'Dataset' sheet.
B3: 1) Sum, Count, Average:
C4: • What is the total price of all products in the dataset?
C5: • How many products are there in the dataset?
C6: • Calculate the average price of the products.
B8: 2) Min and Max:
C9: • Determine the minimum price among all products.
C10: • Find the maximum price among all products.
B12: 3) IF Function:
C13: • Using an IF function, create a new column named Price Range to categorize products with a price greater than or equal to $500 as 'High Price' and others as 'Standard Price'.
B15: 4) SUMIF and COUNTIF:
C16: • Calculate the total price for products in the 'Electronics' category using the SUMIF function.
C17: • Determine the count of products with a price less than $100 using the COUNTIF function.
B19: 5) Text Formatting - LEFT, RIGHT, MID:
C20: • Create a new column named Day with the first 2 characters of each 'Product ID' using the LEFT function.
C21: • Create a new column named Country Code by extracting the last 2 characters from the 'Product ID' column using the RIGHT function.
C22: • Create a new column named Month by extracting 4th to 6th characters from the 'Product ID' column using the MID function.

Sheet Dataset
A1: Product ID | B1: Product Name | C1: Brand Name | D1: Price ($) | E1: Quantity | F1: Category
A2: 28-JAN-US | B2: Laptop | C2: Dell | D2: 1000 | E2: 30 | F2: Electronics
A3: 15-FEB-US | B3: Sneakers | C3: Nike | D3: 80 | E3: 15 | F3: Fashion
A4: 03-MAR-US | B4: Coffee Maker | C4: Keurig | D4: 130 | E4: 40 | F4: Kitchen
A5: 11-APR-US | B5: Smartphone | C5: Samsung | D5: 900 | E5: 25 | F5: Electronics
A6: 22-MAY-US | B6: Backpack | C6: North Face | D6: 70 | E6: 20 | F6: Outdoor
A7: 07-JUN-UK | B7: Headphones | C7: Sony | D7: 200 | E7: 45 | F7: Electronics
A8: 19-JUL-UK | B8: T-shirt | C8: Adidas | D8: 30 | E8: 5 | F8: Fashion
A9: 23-AUG-UK | B9: Blender | C9: Ninja | D9: 90 | E9: 35 | F9: Kitchen
A10: 05-SEP-UK | B10: Tablet | C10: Apple | D10: 500 | E10: 50 | F10: Electronics
A11: 14-OCT-UK | B11: Hiking Boots | C11: Timberland | D11: 130 | E11: 10 | F11: Outdoor
A12: 17-JUN-IN | B12: Laptop | C12: HP | D12: 950 | E12: 25 | F12: Electronics
A13: 25-NOV-AU | B13: Sneakers | C13: Adidas | D13: 90 | E13: 40 | F13: Fashion
... A35: 09-JUL-FR | B35: Watch | C35: Casio | D35: 100 | E35: 20 | F35: Accessories

Sheet Assignment
A1: 1) Sum, Count, Average: | F1: 3) IF Function: & 5) Text Formatting - LEFT, RIGHT, MID:
A2: 1 | B2: Total price of all products | C2: =SUM(J3:J36) -> 10100 | G2: Product ID | H2: Product Name | I2: Brand Name | J2: Price ($) | K2: Quantity | L2: Category | M2: Price Range | N2: DAY | O2: Country Code | P2: Month
G3: 28-JAN-US | H3: Laptop | I3: Dell | J3: 1000 | K3: 30 | L3: Electronics | M3: =IF(Assignment!J3>=500,"High Price","Standard Price") -> High Price | N3: =LEFT(G3,2) -> 28 | O3: =RIGHT(G3,2) -> US | P3: =MID(G3,4,3) -> JAN
A4: 2 | B4: Product Count | G4: 15-FEB-US | H4: Sneakers | I4: Nike | J4: 80 | K4: 15 | L4: Fashion | M4: =IF(Assignment!J4>=500,"High Price","Standard Price") -> Standard Price | N4: =LEFT(G4,2) -> 15 | O4: =RIGHT(G4,2) -> US | P4: =MID(G4,4,3) -> FEB
B5: Total No of Product | C5: =COUNTA(H3:H36) -> 34 | G5: 03-MAR-US | H5: Coffee Maker | I5: Keurig | J5: 130 | K5: 40 | L5: Kitchen | M5: =IF(Assignment!J5>=500,"High Price","Standard Price") -> Standard Price | N5: =LEFT(G5,2) -> 03 | O5: =RIGHT(G5,2) -> US | P5: =MID(G5,4,3) -> MAR
B6: Unique products | C6: =COUNTA(_xlfn.UNIQUE(H3:H36)) -> 21 | G6: 11-APR-US | H6: Smartphone | I6: Samsung | J6: 900 | K6: 25 | L6: Electronics | M6: =IF(Assignment!J6>=500,"High Price","Standard Price") -> High Price | N6: =LEFT(G6,2) -> 11 | O6: =RIGHT(G6,2) -> US | P6: =MID(G6,4,3) -> APR
G7: 22-MAY-US | H7: Backpack | I7: North Face | J7: 70 | K7: 20 | L7: Outdoor | M7: =IF(Assignment!J7>=500,"High Price","Standard Price") -> Standard Price | N7: =LEFT(G7,2) -> 22 | O7: =RIGHT(G7,2) -> US | P7: =MID(G7,4,3) -> MAY
A8: 3 | B8: Average Price | C8: =AVERAGE(J3:J36) -> 297.05882 | G8: 07-JUN-UK | H8: Headphones | I8: Sony | J8: 200 | K8: 45 | L8: Electronics | M8: =IF(Assignment!J8>=500,"High Price","Standard Price") -> Standard Price | N8: =LEFT(G8,2) -> 07 | O8: =RIGHT(G8,2) -> UK | P8: =MID(G8,4,3) -> JUN
G9: 19-JUL-UK | H9: T-shirt | I9: Adidas | J9: 30 | K9: 5 | L9: Fashion | M9: =IF(Assignment!J9>=500,"High Price","Standard Price") -> Standard Price | N9: =LEFT(G9,2) -> 19 | O9: =RIGHT(G9,2) -> UK | P9: =MID(G9,4,3) -> JUL
G10: 23-AUG-UK | H10: Blender | I10: Ninja | J10: 90 | K10: 35 | L10: Kitchen | M10: =IF(Assignment!J10>=500,"High Price","Standard Price") -> Standard Price | N10: =LEFT(G10,2) -> 23 | O10: =RIGHT(G10,2) -> UK | P10: =MID(G10,4,3) -> AUG
A11: 2) Min and Max: | G11: 05-SEP-UK | H11: Tablet | I11: Apple | J11: 500 | K11: 50 | L11: Electronics | M11: =IF(Assignment!J11>=500,"High Price","Standard Price") -> High Price | N11: =LEFT(G11,2) -> 05 | O11: =RIGHT(G11,2) -> UK | P11: =MID(G11,4,3) -> SEP
A12: 1 | B12: Min Price | C12: =MIN(J3:J36) -> 30 | G12: 14-OCT-UK | H12: Hiking Boots | I12: Timberland | J12: 130 | K12: 10 | L12: Outdoor | M12: =IF(Assignment!J12>=500,"High Price","Standard Price") -> Standard Price | N12: =LEFT(G12,2) -> 14 | O12: =RIGHT(G12,2) -> UK | P12: =MID(G12,4,3) -> OCT
A13: 2 | B13: Max Price | C13: =MAX(J3:J36) -> 1000 | G13: 17-JUN-IN | H13: Laptop | I13: HP | J13: 950 | K13: 25 | L13: Electronics | M13: =IF(Assignment!J13>=500,"High Price","Standard Price") -> High Price | N13: =LEFT(G13,2) -> 17 | O13: =RIGHT(G13,2) -> IN | P13: =MID(G13,4,3) -> JUN
G14: 25-NOV-AU | H14: Sneakers | I14: Adidas | J14: 90 | K14: 40 | L14: Fashion | M14: =IF(Assignment!J14>=500,"High Price","Standard Price") -> Standard Price | N14: =LEFT(G14,2) -> 25 | O14: =RIGHT(G14,2) -> AU | P14: =MID(G14,4,3) -> NOV
G15: 08-DEC-DE | H15: Coffee Maker | I15: Nespresso | J15: 120 | K15: 35 | L15: Kitchen | M15: =IF(Assignment!J15>=500,"High Price","Standard Price") -> Standard Price | N15: =LEFT(G15,2) -> 08 | O15: =RIGHT(G15,2) -> DE | P15: =MID(G15,4,3) -> DEC
A16: 4) SUMIF and COUNTIF: | G16: 18-FEB-CA | H16: Smartwatch | I16: Fitbit | J16: 150 | K16: 15 | L16: Electronics | M16: =IF(Assignment!J16>=500,"High Price","Standard Price") -> Standard Price | N16: =LEFT(G16,2) -> 18 | O16: =RIGHT(G16,2) -> CA | P16: =MID(G16,4,3) -> FEB
A17: 1 | B17: Total price of product - Electronics | C17: =SUMIF(L3:L36,"Electronics",J3:J36) -> 8050 | G17: 16-APR-ES | H17: Headphones | I17: Bose | J17: 250 | K17: 20 | L17: Electronics | M17: =IF(Assignment!J17>=500,"High Price","Standard Price") -> Standard Price | N17: =LEFT(G17,2) -> 16 | O17: =RIGHT(G17,2) -> ES | P17: =MID(G17,4,3) -> APR
A18: 2 | B18: Count of products with a price less than $100 | C18: =COUNTIF(J3:J36,"<100") -> 11 | G18: 21-AUG-CA | H18: Laptop Bag | I18: Samsonite | J18: 50 | K18: 35 | L18: Accessories | M18: =IF(Assignment!J18>=500,"High Price","Standard Price") -> Standard Price | N18: =LEFT(G18,2) -> 21 | O18: =RIGHT(G18,2) -> CA | P18: =MID(G18,4,3) -> AUG
G19: 20-AUG-CN | H19: Smartwatch | I19: Huawei | J19: 160 | K19: 15 | L19: Electronics | M19: =IF(Assignment!J19>=500,"High Price","Standard Price") -> Standard Price | N19: =LEFT(G19,2) -> 20 | O19: =RIGHT(G19,2) -> CN | P19: =MID(G19,4,3) -> AUG
G20: 27-JAN-IT | H20: Laptop | I20: Asus | J20: 980 | K20: 10 | L20: Electronics | M20: =IF(Assignment!J20>=500,"High Price","Standard Price") -> High Price | N20: =LEFT(G20,2) -> 27 | O20: =RIGHT(G20,2) -> IT | P20: =MID(G20,4,3) -> JAN
G21: 01-MAR-UK | H21: Sunglasses | I21: Oakley | J21: 150 | K21: 15 | L21: Fashion | M21: =IF(Assignment!J21>=500,"High Price","Standard Price") -> Standard Price | N21: =LEFT(G21,2) -> 01 | O21: =RIGHT(G21,2) -> UK | P21: =MID(G21,4,3) -> MAR
G22: 14-AUG-US | H22: Camping Tent | I22: Coleman | J22: 200 | K22: 10 | L22: Outdoor | M22: =IF(Assignment!J22>=500,"High Price","Standard Price") -> Standard Price | N22: =LEFT(G22,2) -> 14 | O22: =RIGHT(G22,2) -> US | P22: =MID(G22,4,3) -> AUG
G23: 14-MAY-RU | H23: Camera | I23: Nikon | J23: 700 | K23: 50 | L23: Electronics | M23: =IF(Assignment!J23>=500,"High Price","Standard Price") -> High Price | N23: =LEFT(G23,2) -> 14 | O23: =RIGHT(G23,2) -> RU | P23: =MID(G23,4,3) -> MAY
G24: 09-JAN-CA | H24: Microwave | I24: Panasonic | J24: 80 | K24: 20 | L24: Kitchen | M24: =IF(Assignment!J24>=500,"High Price","Standard Price") -> Standard Price | N24: =LEFT(G24,2) -> 09 | O24: =RIGHT(G24,2) -> CA | P24: =MID(G24,4,3) -> JAN
G25: 19-JUL-BR | H25: Fitness Tracker | I25: Xiaomi | J25: 150 | K25: 30 | L25: Electronics | M25: =IF(Assignment!J25>=500,"High Price","Standard Price") -> Standard Price | N25: =LEFT(G25,2) -> 19 | O25: =RIGHT(G25,2) -> BR | P25: =MID(G25,4,3) -> JUL
G26: 21-AUG-CA | H26: Laptop Bag | I26: Samsonite | J26: 50 | K26: 35 | L26: Accessories | M26: =IF(Assignment!J26>=500,"High Price","Standard Price") -> Standard Price | N26: =LEFT(G26,2) -> 21 | O26: =RIGHT(G26,2) -> CA | P26: =MID(G26,4,3) -> AUG
G27: 29-SEP-CA | H27: Smartphone | I27: Google | J27: 800 | K27: 45 | L27: Electronics | M27: =IF(Assignment!J27>=500,"High Price","Standard Price") -> High Price | N27: =LEFT(G27,2) -> 29 | O27: =RIGHT(G27,2) -> CA | P27: =MID(G27,4,3) -> SEP
G28: 03-JUN-CA | H28: Sunglasses | I28: Ray-Ban | J28: 130 | K28: 25 | L28: Fashion | M28: =IF(Assignment!J28>=500,"High Price","Standard Price") -> Standard Price | N28: =LEFT(G28,2) -> 03 | O28: =RIGHT(G28,2) -> CA | P28: =MID(G28,4,3) -> JUN
G29: 11-JUL-CA | H29: Blender | I29: Vitamix | J29: 400 | K29: 40 | L29: Kitchen | M29: =IF(Assignment!J29>=500,"High Price","Standard Price") -> Standard Price | N29: =LEFT(G29,2) -> 11 | O29: =RIGHT(G29,2) -> CA | P29: =MID(G29,4,3) -> JUL
G30: 16-APR-ES | H30: Headphones | I30: Bose | J30: 230 | K30: 20 | L30: Electronics | M30: =IF(Assignment!J30>=500,"High Price","Standard Price") -> Standard Price | N30: =LEFT(G30,2) -> 16 | O30: =RIGHT(G30,2) -> ES | P30: =MID(G30,4,3) -> APR
... G36: 09-JUL-FR | H36: Watch | I36: Casio | J36: 100 | K36: 20 | L36: Accessories | M36: =IF(Assignment!J36>=500,"High Price","Standard Price") -> Standard Price | N36: =LEFT(G36,2) -> 09 | O36: =RIGHT(G36,2) -> FR | P36: =MID(G36,4,3) -> JUL
